url,label
http://app.nationalgeographic.com/en/index.html,0
http://signin.confirm.facebook.com.j32f6.tk,1
https://paytm0.top/signin,1
https://bankofamerica0.top/account,1
https://support.irctc.co.in/account,0
http://instagram-billing-support-aaea.info/index.html,1
https://support.facebook.com/article/2026/tech,0
https://www.irs.gov/products,0
https://www.harvard.edu/home,0
https://support.discord.com/about?utm_source=newsletter&id=561,0
http://104.35.200.218/outlook-login/login.php,1
https://instagram.ru/confirm-login-dyyvdq?ref=ql2e5mzl&id=9061,1
https://support.docker.com/en/index.html,0
https://shop.oracle.com/account,0
http://icicibank0.ml/support,1
http://secure.signin.instagram.com.ecew6.ru,1
http://143.210.212.54/paypal-update/login.php,1
http://mail.doordash.com/about?utm_source=social&id=1885,0
https://support.flipkart.com/login,0
https://news.quora.com/article/2026/tech,0
http://discord.com@instagram-billing.ga/r2x7,1
https://netflix.com/login?utm_source=social&id=6995,0
http://228.97.42.188/instagram-confirm/login.php,1
https://shop.target.com/help,0
https://app.adobe.com,0
http://facebook.tk/support-login-guu9mn?ref=8z1hongw&id=6298,1
http://bankofamerica.ml/confirm-suspended-xh8p2y?ref=azqtfptn&id=3625,1
http://hdfcbank-reset-confirm-0994.ml/index.html,1
https://app.stanford.edu/login,0
http://makemytrip.com@icicibank-support.ml/khid,1
http://211.38.121.238/facebook-signin/login.php,1
https://mail.twitter.com/help?utm_source=ads&id=6680,0
http://mail.quora.com/store/category/electronics?utm_source=social&id=4596,0
http://imdb.com@sbi-login.tk/yqfh,1
https://hdfcbank-confirm-login-qqyk.ml/index.html,1
https://11.248.99.170/paytm-confirm/login.php,1
https://shop.edx.org/store/category/electronics,0
http://sbi-verify-verify-c7jh.cf/index.html,1
https://mail.blogger.com/search?q=news?utm_source=social&id=5990,0
http://91.197.251.73/icicibank-confirm/login.php,1
http://paypal-suspended-update-k8ag.xyz/index.html,1
https://blog.walmart.com,0
http://login.account.microsoft.com.6o0hu.ml,1
http://microsoft.ru/signin-account-jbf343?ref=ravc2uin&id=1797,1
https://news.mit.edu/home,0
https://myntra.com/products,0
http://un.org@facebook-billing.info/tswg,1
http://apple-update-alert-8tdv.ru/index.html,1
http://weather.com/login,0
http://paypa1.ooo/reset,1
https://sbi-verify-verify-fcyz.ga/index.html,1
http://shop.flipkart.com/store/category/electronics,0
https://support.twitter.com/about,0
http://usa.gov@netflix-suspended.ml/drfj,1
http://bankofamerica-signin-billing-j71a.ml/index.html,1
https://116.219.143.8/instagram-update/login.php,1
https://blog.worldbank.org,0
http://blog.adidas.com,0
https://news.vimeo.com/store/category/electronics,0
https://shop.mit.edu/contact,0
https://blog.trello.com/products,0
https://shop.un.org/home,0
http://alert.verify.facebook.com.aanyg.ooo,1
http://support.verify.chase.com.lhzz3.cf,1
http://41.97.141.98/outlook-support/login.php,1
https://outlook.ooo/alert-billing-oecj5b?ref=4cpialdt&id=2594,1
https://news.twitter.com/,0
http://login.secure.linkedin.com.5n3r8.ooo,1
http://outlook0.tk/billing,1
https://app.irs.gov/products,0
http://icicibank-update-update-l990.ooo/index.html,1
http://britannica.com@facebook-secure.xyz/rd3a,1
http://sbi-suspended-alert-l1a5.ml/index.html,1
http://182.78.118.168/google-account/login.php,1
https://doordash.com/about,0
https://app.phonepe.com/login,0
https://blog.airbnb.com/user/profile,0
http://verify.login.facebook.com.eynin.ooo,1
https://support.stackoverflow.com/user/profile,0
https://linkedin0.top/secure,1
http://netflix.info/update-verify-25u3p1?ref=zcyuz87c&id=9530,1
http://bankofamerica.ml/billing-reset-l2w36s?ref=r17otft0&id=6123,1
http://netflix.ga/signin-confirm-qpzphj?ref=mbpt3591&id=7914,1
http://netflix.ga/support-update-ell6hy?ref=c1r9qikq&id=1092,1
https://app.udemy.com/about?utm_source=social&id=5331,0
http://heroku.com@sbi-account.info/qq81,1
https://www.accuweather.com/search?q=news,0
https://instagram.com/products,0
https://facebook-suspended-signin-1sgf.ml/index.html,1
https://shop.irctc.co.in/,0
https://app.digitalocean.com/help,0
https://www.digitalocean.com/about?utm_source=newsletter&id=4106,0
http://myntra.com@wellsfargo-account.ml/a46j,1
http://google-update-account-7tuj.top/index.html,1
http://apple-verify-login-i0u2.xyz/index.html,1
https://www.cnn.com/home,0
https://ibm.com/help?utm_source=social&id=3440,0
https://news.netflix.com/login,0
https://chase.cf/login-alert-c8n2d7?ref=gyt2dady&id=4305,1
https://shop.tumblr.com/en/index.html,0
https://mail.python.org/en/index.html,0
https://reset.login.bankofamerica.com.rhqp1.ooo,1
https://mail.twitter.com/article/2026/tech,0
https://shop.target.com/article/2026/tech?utm_source=ads&id=4497,0
https://blog.wsj.com/home?utm_source=social&id=109,0
http://outlook-account-billing-2rpu.cf/index.html,1
https://news.nasa.gov/store/category/electronics?utm_source=ads&id=9937,0
https://support.irs.gov/products,0
http://wellsfargo.tk/suspended-alert-16i456?ref=8hzama18&id=6653,1
https://news.slack.com/user/profile,0
https://facebook-billing-secure-akfr.cf/index.html,1
https://dropbox.com@google-support.tk/a5nv,1
https://news.glassdoor.com,0
http://microsoft-alert-login-egyu.ga/index.html,1
http://signin.alert.microsoft.com.23ccl.cf,1
https://support.adidas.com/search?q=news,0
https://blog.indiatoday.in/,0
http://nytimes.com@linkedin-reset.cf/om3z,1
https://blog.twitter.com/store/category/electronics,0
http://kubernetes.io@sbi-billing.cf/8ny9,1
https://login.support.paytm.com.0yozv.cf,1
https://secure.verify.flipkart.com.43ksw.top,1
http://outlook0.tk/confirm,1
https://support.paypal.com/login,0
http://138.21.202.225/facebook-signin/login.php,1
http://chase0.info/update,1
http://app.bing.com/home,0
http://chase.top/account-alert-acsb7i?ref=tatonubr&id=9376,1
https://support.medium.com/en/index.html,0
https://app.paytm.com/search?q=news,0
https://blog.worldbank.org/user/profile,0
https://paypa1.cf/signin,1
http://facebook-login.ooo/account,1
http://verify.confirm.paytm.com.j8ner.ml,1
https://flipkart.com/login?utm_source=social&id=759,0
https://ndtv.com@netflix-update.ml/mvg0,1
https://paypal.ooo/alert-login-z8sjtx?ref=a99jhcaz&id=9800,1
https://discord.com@instagram-login.ml/mzd1,1
http://sbi-reset-support-x3jp.tk/index.html,1
http://wellsfargo0.ooo/support,1
http://instagram.tk/account-signin-mvv44c?ref=i4j38v30&id=1917,1
https://mail.indeed.com/about,0
https://mail.namecheap.com/help,0
http://news.slack.com/contact,0
http://247.205.75.141/bankofamerica-secure/login.php,1
http://suspended.verify.microsoft.com.sqmcb.top,1
https://blog.vimeo.com/help?utm_source=ads&id=4261,0
http://swiggy.com@hdfcbank-secure.top/4x2h,1
https://news.python.org/about,0
https://wordpress.com@paytm-support.tk/dt59,1
https://blog.docker.com/,0
https://shop.stackoverflow.com/login,0
https://wellsfargo-account-verify-lks9.tk/index.html,1
https://kubernetes.io/contact,0
http://200.236.234.46/linkedin-signin/login.php,1
https://news.zomato.com/help,0
http://microsoft-billing-alert-ouwr.xyz/index.html,1
https://hdfcbank.ooo/account-verify-i0suda?ref=worlqb8g&id=7258,1
http://apple.xyz/suspended-signin-6dxzj1?ref=xyxaswwt&id=8300,1
http://microsoft-support.ml/account,1
https://app.twitch.tv/account,0
https://mail.yahoo.com/help,0
http://apple-id.ooo/confirm,1
https://app.coursera.org/help,0
https://nytimes.com/search?q=news,0
http://icicibank0.cf/signin,1
http://shop.ebay.com/store/category/electronics?utm_source=social&id=7392,0
https://mail.twitter.com/login,0
https://harvard.edu/article/2026/tech,0
http://microsoft-reset-account-3nrd.ooo/index.html,1
https://app.phonepe.com/help,0
https://paytm-billing-suspended-eqgm.ru/index.html,1
https://news.bing.com/help,0
http://hdfcbank0.tk/billing,1
http://mail.slack.com/help?utm_source=ads&id=6909,0
http://suspended.suspended.amazon.com.t69n3.tk,1
https://amazon.in/user/profile?utm_source=ads&id=8338,0
http://linkedin.cf/billing-alert-k9lsg4?ref=iq9lvfow&id=4659,1
https://mail.sony.com/user/profile,0
http://microsoft-secure-confirm-fv3c.tk/index.html,1
https://146.151.150.195/outlook-signin/login.php,1
https://www.lyft.com/help,0
https://106.83.116.7/facebook-reset/login.php,1
https://www.un.org/article/2026/tech,0
https://samsung.com@microsoft-confirm.top/8nn8,1
https://mozilla.org@flipkart-update.tk/blgs,1
https://billing.signin.instagram.com.f540v.tk,1
https://app.wsj.com/,0
https://support.adobe.com/products,0
http://confirm.alert.facebook.com.hga9i.cf,1
https://shop.axisbank.com/store/category/electronics?utm_source=social&id=8851,0
https://mail.bing.com,0
https://sony.com@sbi-reset.ru/057x,1
https://app.quora.com/article/2026/tech,0
http://wellsfargo-signin-billing-0zq6.ooo/index.html,1
https://youtube.com@facebook-suspended.ru/tm9m,1
http://icicibank-secure-account-ndnb.ml/index.html,1
http://linkedin.top/reset-verify-zykdx1?ref=mrggexvb&id=4924,1
http://nationalgeographic.com@paypal-signin.ga/4mgb,1
https://shop.kubernetes.io/search?q=news,0
http://login.billing.flipkart.com.u5tq9.ooo,1
http://27.181.13.238/linkedin-confirm/login.php,1
http://netflix.top/support-signin-6ek26y?ref=9yzrnlak&id=4568,1
http://ebay.com@instagram-support.info/fh2x,1
https://shop.harvard.edu/store/category/electronics,0
https://news.indeed.com/?utm_source=social&id=9133,0
https://app.slack.com/account?utm_source=social&id=8251,0
https://219.9.171.148/facebook-login/login.php,1
https://www.salesforce.com,0
http://158.179.176.181/netflix-suspended/login.php,1
http://facebook-login.info/alert,1
https://instagram.com/,0
https://app.twitter.com/login?utm_source=newsletter&id=9158,0
https://support.paypal.com/account,0
http://amazon-reset-secure-bdh0.ru/index.html,1
http://apple-update-support-02sk.top/index.html,1
http://82.146.9.253/linkedin-login/login.php,1
https://support.britannica.com/search?q=news?utm_source=ads&id=5051,0
https://www.namecheap.com/article/2026/tech,0
https://support.akamai.com/about,0
http://worldbank.org@instagram-billing.ga/xg8w,1
https://news.microsoft.com/store/category/electronics,0
https://usa.gov@sbi-billing.ru/ecil,1
https://app1e.tk/verify,1
https://blog.linkedin.com/search?q=news?utm_source=social&id=7339,0
https://blog.accuweather.com/article/2026/tech,0
https://support.signin.paypal.com.ge4kb.cf,1
http://hdfcbank-support-verify-5i0g.tk/index.html,1
https://bloomberg.com/about,0
http://alert.update.apple.com.tn7tl.cf,1
http://update.support.bankofamerica.com.7933v.xyz,1
https://news.bbc.com/,0
https://apple.ru/update-alert-lsegkr?ref=hj5jn7bs&id=7824,1
https://news.makemytrip.com/about,0
https://news.zoom.us/help,0
https://support.support.wellsfargo.com.azclu.ga,1
https://mail.glassdoor.com/contact?utm_source=social&id=1976,0
https://www.nike.com/login,0
https://namecheap.com@linkedin-alert.ooo/3178,1
https://app.usa.gov/contact,0
https://amazon-support-update-gsyk.ooo/index.html,1
http://linkedin.cf/login-alert-bsmebo?ref=7v0vu579&id=8295,1
http://support.bloomberg.com/,0
http://verify.suspended.icicibank.com.jnat0.ga,1
https://support.zomato.com/about,0
http://226.250.106.247/facebook-account/login.php,1
http://confirm.reset.sbi.com.xhu81.tk,1
http://wellsfargo0.cf/signin,1
http://flipkart.top/login-suspended-xly54i?ref=kmoc0ar0&id=4646,1
https://hdfcbank0.top/suspended,1
https://blog.blogger.com/en/index.html,0
https://icicibank.ga/signin-update-p7rs8r?ref=0melish3&id=8418,1
http://214.72.192.93/instagram-secure/login.php,1
https://app.amityuniversity.in/help,0
http://7.73.175.252/bankofamerica-alert/login.php,1
https://mail.lyft.com/store/category/electronics,0
https://support.google.com/en/index.html,0
https://news.vimeo.com/user/profile,0
https://glassdoor.com/contact,0
https://47.31.231.34/sbi-confirm/login.php,1
http://discord.com@outlook-signin.ooo/q512,1
http://app.kubernetes.io/products?utm_source=ads&id=8997,0
https://un.org,0
http://159.237.42.183/google-account/login.php,1
https://amazon.cf/secure-billing-1qv3cg?ref=d8lkb56h&id=2160,1
http://126.221.240.6/linkedin-reset/login.php,1
https://sbi-suspended-alert-3ska.tk/index.html,1
https://app.yahoo.com/contact,0
http://login.alert.paytm.com.kqfsb.ooo,1
https://app.spotify.com/contact,0
http://blog.linkedin.com/store/category/electronics,0
https://shop.timesofindia.indiatimes.com/,0
https://news.wikipedia.org/login,0
https://app.bbc.com/help,0
https://shop.who.int/search?q=news,0
http://apple.com@paypal-signin.xyz/udm7,1
https://news.hdfcbank.com/products,0
https://app.phonepe.com/products,0
http://olacabs.com@wellsfargo-account.ga/jj0d,1
http://docker.com@icicibank-billing.info/clqk,1
http://hdfcbank-account-login-p6eg.ooo/index.html,1
https://blog.amazon.in/contact?utm_source=social&id=7085,0
https://outlook.top/reset-secure-qcetag?ref=hnmlwbfj&id=5544,1
https://target.com@linkedin-alert.ml/9k4y,1
http://walmart.com@hdfcbank-support.ooo/rnyf,1
http://98.90.216.162/flipkart-confirm/login.php,1
https://mail.vimeo.com/help,0
https://app.mozilla.org/user/profile,0
https://hdfcbank0.ru/update,1
https://hdfcbank0.xyz/login,1
https://news.usa.gov/store/category/electronics?utm_source=newsletter&id=5253,0
https://mail.axisbank.com/products,0
https://shop.flipkart.com/products?utm_source=ads&id=3435,0
https://www.irctc.co.in/,0
http://instagram0.top/alert,1
https://support.discord.com/?utm_source=social&id=3047,0
http://instagram-alert-reset-6rzo.ga/index.html,1
https://support.tumblr.com/account?utm_source=newsletter&id=7471,0
http://billing.signin.hdfcbank.com.7aef9.ml,1
https://paytm0.ooo/verify,1
http://news.olacabs.com/search?q=news,0
http://38.223.43.164/icicibank-reset/login.php,1
http://alert.account.wellsfargo.com.cvfjd.top,1
https://apple-id.xyz/confirm,1
http://alert.account.microsoft.com.kerxw.info,1
http://sbi0.ml/billing,1
http://mozilla.org@facebook-update.ml/k1wy,1
https://30.37.75.113/hdfcbank-secure/login.php,1
https://shop.indeed.com/en/index.html,0
http://bankofamerica.xyz/signin-alert-cm3g7n?ref=4ytukc97&id=3001,1
https://blog.stackoverflow.com/account,0
http://amazon.ga/reset-account-hr4n5s?ref=ydvjnodl&id=8987,1
https://support.paytm.com/login,0
https://news.accuweather.com/en/index.html,0
http://sbi.info/support-signin-fjnt47?ref=veyfa0r0&id=3865,1
https://account.account.amazon.com.zibh7.ru,1
https://outlook0.tk/alert,1
https://123.195.145.229/linkedin-support/login.php,1
http://google-security.ooo/support,1
https://apple.com/products,0
https://support.trello.com/article/2026/tech,0
http://verify.billing.bankofamerica.com.xcen0.ga,1
http://hdfcbank-update-reset-v123.tk/index.html,1
http://verify.support.bankofamerica.com.zq9ku.info,1
https://cloudflare.com@wellsfargo-support.ga/i8qa,1
http://confirm.verify.microsoft.com.oou0w.ml,1
http://chase0.ru/update,1
http://outlook.ooo/secure-signin-g25pf9?ref=a0niwspf&id=1260,1
http://4.197.176.61/microsoft-secure/login.php,1
https://mail.flickr.com/en/index.html,0
https://un.org/user/profile,0
http://microsoft.info/update-login-tinif1?ref=heb41cmg&id=1537,1
http://secure.suspended.paypal.com.au7mb.xyz,1
https://microsoft.com/account,0
https://mit.edu@chase-account.info/cev1,1
https://news.walmart.com/article/2026/tech,0
http://nasa.gov/en/index.html?utm_source=social&id=3891,0
https://www.twitch.tv/user/profile,0
https://mail.intel.com/contact?utm_source=social&id=9714,0
http://icicibank.info/confirm-billing-9zv14w?ref=zze7ssm9&id=7451,1
https://forbes.com/contact,0
http://25.26.186.60/apple-confirm/login.php,1
http://google-suspended-verify-gu9e.ml/index.html,1
https://news.indeed.com/article/2026/tech,0
http://52.202.18.88/sbi-account/login.php,1
https://news.swiggy.com/store/category/electronics?utm_source=ads&id=1315,0
http://amazon.xyz/update-update-pznt1y?ref=kxq9fifs&id=8282,1
https://amazon-signin-verify-q4g2.info/index.html,1
https://mail.swiggy.com/user/profile,0
https://salesforce.com@linkedin-signin.cf/31xl,1
https://blog.cloudflare.com/en/index.html,0
http://chase.ooo/support-confirm-yyxe7q?ref=yo7zww54&id=1108,1
http://wellsfargo0.info/billing,1
https://app.accuweather.com/help,0
https://shop.wikipedia.org,0
https://shop.amazon.com/account?utm_source=newsletter&id=6604,0
https://youtube.com/contact,0
https://blog.coursera.org/store/category/electronics,0
http://login.reset.facebook.com.4wco5.info,1
https://britannica.com/help,0
http://accuweather.com@flipkart-signin.cf/ashj,1
http://edx.org@paypal-verify.ml/9sc5,1
http://instagram-signin-support-8snf.info/index.html,1
http://netflix0.ga/secure,1
https://billing.alert.apple.com.mbp5y.xyz,1
http://hdfcbank-support-signin-ho2k.info/index.html,1
http://microsoft-support.ooo/secure,1
https://www.swiggy.com/account,0
https://un.org@flipkart-signin.info/wwtp,1
http://reset.alert.wellsfargo.com.4ii63.cf,1
https://www.npmjs.com/search?q=news,0
http://paypal-login-update-pc3d.xyz/index.html,1
https://amazon.top/verify-account-s3t2o9?ref=0s1me4xl&id=1209,1
http://tumblr.com/account,0
https://shop.zoom.us/en/index.html?utm_source=newsletter&id=9440,0
https://blog.forbes.com/user/profile,0
https://support.forbes.com/products,0
https://w3schools.com/about,0
http://hdfcbank-login-account-atd8.ml/index.html,1
https://support.ndtv.com/contact?utm_source=social&id=7331,0
https://app.linkedin.com/article/2026/tech?utm_source=social&id=6839,0
https://flipkart0.xyz/support,1
https://app.yahoo.com/,0
https://news.sony.com/account?utm_source=ads&id=5414,0
https://wellsfargo.info/support-signin-lim5l6?ref=h2nlmdlm&id=5249,1
https://www.irctc.co.in/en/index.html,0
http://sbi-verify-signin-11fc.cf/index.html,1
http://17.124.8.105/chase-secure/login.php,1
http://suspended.signin.linkedin.com.nvvxs.ru,1
https://mail.twitch.tv/products,0
https://news.npmjs.com/help,0
https://support.flickr.com/about,0
https://shop.axisbank.com/account,0
https://shop.swiggy.com/user/profile,0
https://forbes.com/store/category/electronics,0
http://netflix.com@sbi-billing.ml/fkvo,1
http://microsoft.ga/billing-suspended-i0g6hs?ref=hg5mmq7m&id=6864,1
https://shop.nike.com/about,0
http://facebook-secure-secure-u438.cf/index.html,1
http://chase0.ml/confirm,1
http://chase-secure-billing-b9ro.ga/index.html,1
https://app.mit.edu/account,0
http://update.verify.linkedin.com.j41bh.ga,1
https://indiatoday.in/products,0
http://login.reset.amazon.com.onr06.xyz,1
http://netflix0.ooo/billing,1
https://app.netflix.com/en/index.html,0
https://app.flickr.com/en/index.html?utm_source=newsletter&id=1177,0
https://news.npmjs.com/?utm_source=newsletter&id=882,0
http://flipkart-billing-suspended-49k6.ooo/index.html,1
http://155.34.92.171/wellsfargo-alert/login.php,1
https://apple-signin-account-pk6i.ooo/index.html,1
https://app.github.com/,0
http://paypal.top/secure-signin-k05yw8?ref=yg4ok2ec&id=5831,1
http://chase.ml/update-alert-x1l8rg?ref=22kiw1aw&id=4251,1
https://news.wikipedia.org/search?q=news?utm_source=social&id=7122,0
https://ebay.com/home,0
https://news.irctc.co.in/en/index.html,0
http://reset.support.apple.com.1q4hx.cf,1
http://update.support.chase.com.hi85f.ga,1
https://support.docker.com/article/2026/tech,0
https://wellsfargo-login-login-hcui.info/index.html,1
https://support.godaddy.com?utm_source=social&id=6997,0
https://mail.udemy.com/user/profile,0
https://app.spotify.com/help?utm_source=social&id=4643,0
http://wellsfargo.ru/account-secure-yfzqlp?ref=zfbnkyzs&id=3525,1
http://hdfcbank-signin-alert-cug7.top/index.html,1
http://apple-verify.cf/confirm,1
https://billing.signin.sbi.com.bcijv.ooo,1
https://shop.khanacademy.org/help,0
http://flipkart0.ooo/verify,1
https://60.75.169.135/facebook-update/login.php,1
https://app.swiggy.com/article/2026/tech,0
https://support.indeed.com/en/index.html?utm_source=social&id=9324,0
https://mozilla.org@chase-suspended.info/pscj,1
http://godaddy.com@microsoft-alert.top/k0bp,1
https://heroku.com/help,0
https://shop.akamai.com/products?utm_source=newsletter&id=2645,0
http://bankofamerica.ga/support-suspended-8xcc4x?ref=h4fj7r37&id=2281,1
https://support.w3schools.com/,0
http://amazon-login-verify-b5fa.ml/index.html,1
https://183.53.49.243/outlook-signin/login.php,1
https://app.cloudflare.com/account,0
http://weather.com@netflix-confirm.top/hbpx,1
http://airbnb.com@google-login.cf/40vi,1
http://usa.gov@bankofamerica-account.top/maub,1
http://43.112.16.101/apple-account/login.php,1
http://nasa.gov@bankofamerica-update.tk/poy7,1
http://nationalgeographic.com@outlook-update.top/2hfd,1
https://www.instagram.com/article/2026/tech,0
https://6.151.130.44/bankofamerica-update/login.php,1
https://shop.hdfcbank.com/en/index.html,0
http://outlook.ru/update-login-i6wd15?ref=ykxhvp8h&id=5752,1
https://shop.notion.so/about,0
https://www.coursera.org/?utm_source=newsletter&id=6205,0
https://app.instagram.com/store/category/electronics,0
http://wellsfargo-secure-suspended-625c.cf/index.html,1
https://www.indeed.com/article/2026/tech,0
https://www.bbc.com/en/index.html,0
https://support.notion.so/en/index.html,0
https://support.twitch.tv/account?utm_source=social&id=1384,0
http://chase0.ga/billing,1
https://news.akamai.com/about,0
http://google-secure-suspended-8c6w.ml/index.html,1
https://doordash.com/user/profile,0
https://mail.wikipedia.org,0
http://linkedin-account-account-fx8v.ga/index.html,1
https://app.flickr.com/user/profile?utm_source=newsletter&id=6561,0
http://linkedin.ml/support-verify-ehib4w?ref=txi27vlt&id=1471,1
http://shop.ndtv.com/,0
https://support.axisbank.com/products,0
https://flipkart0.ml/support,1
http://netflix-confirm-support-ilmk.ru/index.html,1
https://shop.vimeo.com/user/profile,0
http://reddit.com@hdfcbank-alert.ru/4076,1
http://slack.com@amazon-suspended.ooo/pf32,1
http://102.252.189.11/paytm-alert/login.php,1
http://flipkart0.ml/signin,1
http://khanacademy.org@flipkart-alert.cf/9glf,1
https://netflix.com/,0
http://amazon.ru/update-confirm-c4cduf?ref=tawsz6mu&id=7400,1
https://news.irs.gov/,0
https://app.sbi.co.in?utm_source=newsletter&id=786,0
https://shop.edx.org/login,0
https://mail.icicibank.com/products,0
http://170.63.64.61/sbi-account/login.php,1
http://axisbank.com@apple-signin.ru/9r1n,1
https://app.nytimes.com/about,0
http://bankofamerica-login-billing-5h3u.ru/index.html,1
https://app.timesofindia.indiatimes.com/contact,0
https://blog.stanford.edu/login,0
https://www.blogger.com?utm_source=social&id=7196,0
http://support.amazon.in/search?q=news,0
https://account.login.chase.com.qg18b.xyz,1
https://www.namecheap.com/products,0
https://shop.trello.com/products,0
https://blog.python.org/account,0
https://mail.axisbank.com/,0
https://app.nasa.gov/about,0
https://app.nike.com/login,0
https://support.github.com/products,0
https://support.lyft.com/user/profile,0
http://158.118.85.77/paytm-reset/login.php,1
https://mail.twitter.com/en/index.html,0
https://mail.npmjs.com/store/category/electronics,0
https://app.makemytrip.com/contact,0
http://slack.com,0
https://www.flipkart.com/en/index.html,0
http://alert.signin.bankofamerica.com.g1iq4.cf,1
https://www.bbc.com/about,0
https://app.salesforce.com/user/profile?utm_source=newsletter&id=1133,0
https://www.imdb.com/store/category/electronics,0
https://news.vimeo.com/,0
https://mail.walmart.com/article/2026/tech,0
https://shop.udemy.com/help,0
https://shop.pinterest.com/article/2026/tech,0
https://mail.icicibank.com/user/profile,0
https://verify.secure.paypal.com.frjaa.tk,1
https://www.zomato.com/help,0
http://blog.tumblr.com/user/profile,0
http://hdfcbank0.ga/secure,1
http://alert.update.outlook.com.ra1pp.top,1
http://g00gle.cf/reset,1
https://support.blogger.com/article/2026/tech,0
http://wellsfargo.ru/suspended-confirm-kuylw8?ref=9z4iqa6j&id=3070,1
https://www.vimeo.com/help,0
https://support.irs.gov/help,0
http://kubernetes.io@flipkart-verify.ooo/kqgu,1
https://support.indiatoday.in/search?q=news,0
https://news.pinterest.com/search?q=news,0
http://205.201.230.23/paypal-login/login.php,1
http://bankofamerica.ooo/verify-account-x3gj10?ref=ffd1i4n2&id=2279,1
https://app.harvard.edu/help,0
http://digitalocean.com@microsoft-suspended.ooo/q2y4,1
https://hdfcbank-suspended-account-spke.ga/index.html,1
http://flipkart0.info/billing,1
https://netflix0.info/update,1
http://support.update.instagram.com.rxbvt.tk,1
https://news.netflix.com/store/category/electronics,0
https://linkedin-secure-support-fzve.ga/index.html,1
https://britannica.com@apple-update.top/vddw,1
http://paypal-suspended-alert-7qto.ooo/index.html,1
https://linkedin0.info/update,1
http://16.236.206.114/icicibank-account/login.php,1
http://paytm0.xyz/login,1
https://paytm-secure-update-lc4q.info/index.html,1
https://shop.wsj.com/user/profile,0
https://blog.olacabs.com/account?utm_source=newsletter&id=4452,0
http://11.104.31.55/amazon-account/login.php,1
https://mail.hdfcbank.com,0
http://blog.timesofindia.indiatimes.com/home?utm_source=ads&id=1293,0
http://149.158.38.83/linkedin-reset/login.php,1
https://www.who.int/search?q=news?utm_source=newsletter&id=3911,0
http://kubernetes.io@facebook-secure.ga/qd4k,1
http://blogger.com@google-secure.ooo/s4sj,1
http://apple-secure-suspended-0g3q.ru/index.html,1
https://238.113.98.102/wellsfargo-billing/login.php,1
https://apple-confirm-update-6jkl.cf/index.html,1
https://www.glassdoor.com/home?utm_source=social&id=6611,0
https://news.vimeo.com/home,0
http://linkedin.top/alert-login-7w86ng?ref=cpcmjtni&id=4539,1
http://sbi0.ml/account,1
https://shop.icicibank.com/contact,0
https://www.ibm.com/,0
https://shop.salesforce.com/account?utm_source=social&id=5902,0
http://paytm0.cf/reset,1
http://sbi.tk/confirm-login-n4vpaa?ref=fh5jf6eg&id=5192,1
http://amazon.cf/suspended-billing-hyx3cx?ref=xl9e9niv&id=4909,1
http://app.hdfcbank.com/login?utm_source=social&id=1985,0
http://3.58.65.156/paypal-alert/login.php,1
https://75.136.164.240/chase-account/login.php,1
https://netflix-confirm-confirm-zofg.tk/index.html,1
https://support.facebook.com/products?utm_source=ads&id=3245,0
http://netflix.ml/support-signin-qeg9dd?ref=vp4wcaq6&id=7241,1
http://microsoft.xyz/signin-billing-yj9dak?ref=645ke5up&id=6421,1
http://icicibank-verify-update-fw33.ml/index.html,1
http://reset.update.icicibank.com.9of3m.tk,1
https://verify.support.facebook.com.3e3r1.info,1
https://news.harvard.edu/account,0
https://login.suspended.linkedin.com.bz5j3.ga,1
http://123.77.39.252/wellsfargo-alert/login.php,1
https://app.notion.so/en/index.html,0
http://google-verify-secure-iqxp.top/index.html,1
https://shop.wsj.com/store/category/electronics,0
http://80.86.210.51/sbi-signin/login.php,1
https://netflix0.ru/support,1
http://chase-reset-reset-obwf.xyz/index.html,1
https://who.int@paytm-billing.ru/9lc5,1
https://www.github.com/contact,0
http://wellsfargo.ru/reset-verify-hvkb8u?ref=c3160rb4&id=1364,1
https://trello.com/login,0
http://flipkart-verify-suspended-hnhl.ooo/index.html,1
https://www.google.com/en/index.html?utm_source=social&id=8586,0
https://app.accuweather.com/home?utm_source=social&id=8930,0
https://app.microsoft.com/contact?utm_source=social&id=1938,0
https://wellsfargo0.ml/update,1
https://news.britannica.com/en/index.html,0
https://support.bestbuy.com/,0
http://outlook0.info/confirm,1
https://news.ebay.com/user/profile?utm_source=ads&id=1563,0
http://icicibank.ooo/update-signin-gu58fl?ref=m639bcp7&id=5995,1
http://facebook-secure-suspended-hcin.top/index.html,1
http://amazon.ga/confirm-verify-w0pudl?ref=caduns4r&id=2650,1
https://khanacademy.org@facebook-alert.tk/emdj,1
https://news.flickr.com/home,0
http://nasa.gov@instagram-login.ru/v2aq,1
https://news.yahoo.com/home,0
https://174.15.144.14/wellsfargo-reset/login.php,1
https://www.hindustantimes.com/help?utm_source=newsletter&id=3538,0
http://youtube.com@microsoft-secure.info/g15m,1
https://93.35.174.188/instagram-update/login.php,1
http://wellsfargo0.ooo/secure,1
https://support.hindustantimes.com/search?q=news?utm_source=newsletter&id=8263,0
https://microsoft.com/,0
https://samsung.com@wellsfargo-support.ml/nsm0,1
http://cnn.com@facebook-alert.ga/ordj,1
https://www.paytm.com,0
https://news.timesofindia.indiatimes.com/account,0
https://support.bloomberg.com/search?q=news,0
http://49.83.89.153/microsoft-billing/login.php,1
https://www.tumblr.com/help,0
https://mail.dropbox.com/about,0
https://blog.yahoo.com/home,0
https://shop.docker.com/account?utm_source=social&id=1395,0
http://paypal-secure.ga/login,1
http://shop.tumblr.com/products,0
https://shop.accuweather.com/?utm_source=social&id=2788,0
http://hdfcbank.ga/update-verify-oo5xcr?ref=5namzhr6&id=9093,1
https://www.blogger.com/store/category/electronics?utm_source=ads&id=3780,0
http://bankofamerica-signin-update-tv28.info/index.html,1
http://paytm0.cf/support,1
http://confirm.support.flipkart.com.zw4z5.ga,1
http://instagram-alert-billing-j577.xyz/index.html,1
https://support.espn.com/?utm_source=social&id=8000,0
https://digitalocean.com@sbi-support.top/tm63,1
https://blog.stanford.edu/account?utm_source=social&id=2969,0
https://confirm.account.facebook.com.d8r8h.top,1
http://apple-reset-update-qw04.info/index.html,1
https://support.doordash.com/,0
https://news.dropbox.com/home,0
https://netflix0.ru/billing,1
https://blog.myntra.com/products?utm_source=ads&id=5811,0
https://linkedin.ru/alert-verify-gz1mzv?ref=euv5n4hr&id=8447,1
http://hdfcbank.ru/login-support-6g6jby?ref=4cskj3ff&id=4794,1
https://shop.bestbuy.com,0
https://app.walmart.com/article/2026/tech,0
http://outlook0.ooo/secure,1
https://npmjs.com@wellsfargo-update.top/wec0,1
https://shop.irs.gov/help?utm_source=social&id=5539,0
https://blog.twitter.com/user/profile,0
https://support.ibm.com/search?q=news?utm_source=newsletter&id=7481,0
https://blog.kubernetes.io/user/profile,0
http://outlook-account-alert-x1cy.info/index.html,1
https://icicibank-suspended-billing-2zts.tk/index.html,1
https://akamai.com/article/2026/tech,0
https://paypal.com/en/index.html,0
https://mail.heroku.com/en/index.html,0
https://www.python.org/home,0
https://mail.amazon.in/,0
https://bbc.com/home,0
https://app.makemytrip.com/store/category/electronics,0
http://119.58.7.203/wellsfargo-reset/login.php,1
http://icicibank-login-support-dozl.xyz/index.html,1
https://netflix0.ga/alert,1
https://makemytrip.com@apple-account.ga/orag,1
http://linkedin.com@netflix-account.tk/rih3,1
http://instagram.com@flipkart-billing.xyz/nhp1,1
https://mail.tumblr.com/store/category/electronics,0
https://mail.yahoo.com/search?q=news,0
http://112.146.202.88/instagram-update/login.php,1
https://blog.sony.com/article/2026/tech,0
https://shop.irs.gov,0
https://125.2.40.197/outlook-suspended/login.php,1
http://netflix0.tk/support,1
https://96.201.58.130/hdfcbank-alert/login.php,1
https://support.mozilla.org/account,0
http://un.org@paytm-signin.cf/cg8w,1
https://shop.bloomberg.com/about,0
http://microsoft-billing-alert-cs0n.ooo/index.html,1
http://login.support.wellsfargo.com.b33iz.top,1
http://7.205.124.232/hdfcbank-secure/login.php,1
http://timesofindia.indiatimes.com@icicibank-reset.cf/5gnv,1
https://mail.netflix.com/home,0
https://blog.axisbank.com/account?utm_source=ads&id=7530,0
http://flipkart-update-reset-u3r9.info/index.html,1
https://248.234.227.168/google-billing/login.php,1
http://154.193.43.140/outlook-update/login.php,1
https://shop.zoom.us/user/profile?utm_source=social&id=1062,0
https://blog.glassdoor.com/en/index.html?utm_source=social&id=7180,0
https://www.usa.gov/home,0
https://mail.reddit.com/login,0
https://news.who.int/login,0
http://nytimes.com@google-account.tk/i65n,1
https://nytimes.com,0
https://shop.doordash.com,0
https://blog.bestbuy.com/,0
http://netflix.com/search?q=news,0
http://mail.nytimes.com/contact,0
https://support.npmjs.com/account,0
http://108.103.227.175/google-reset/login.php,1
https://news.indiatoday.in/contact,0
https://shop.twitter.com/help,0
https://sbi.ru/login-reset-c86hf4?ref=i8a170xc&id=9680,1
https://trello.com@outlook-reset.cf/62qc,1
http://97.168.53.177/paypal-reset/login.php,1
http://faceb00k.ru/billing,1
http://netflix.ooo/support-account-0ju1yb?ref=perh8h90&id=2080,1
https://reset.verify.facebook.com.oem1v.ru,1
http://youtube.com@google-reset.ga/5wvo,1
https://support.indeed.com/article/2026/tech,0
http://133.210.190.154/paypal-secure/login.php,1
https://shop.nytimes.com/search?q=news,0
http://icicibank-login-reset-tucr.ru/index.html,1
https://icicibank.ooo/account-verify-nclveh?ref=rj0kx9k2&id=4991,1
https://app.trello.com/help,0
https://bloomberg.com,0
http://apple.ga/account-verify-68frog?ref=hexc8mvm&id=6394,1
https://mail.swiggy.com/,0
https://news.nationalgeographic.com/account,0
https://bestbuy.com/login,0
http://microsoft-support.cf/support,1
https://128.2.136.189/microsoft-alert/login.php,1
http://186.117.194.172/apple-signin/login.php,1
http://91.168.74.58/bankofamerica-secure/login.php,1
http://paypa1.xyz/billing,1
http://timesofindia.indiatimes.com@flipkart-alert.ga/88bc,1
https://udemy.com/login,0
http://www.edx.org/en/index.html?utm_source=social&id=2721,0
https://stackoverflow.com/products,0
http://hdfcbank.com@apple-support.info/bz98,1
https://www.microsoft.com/user/profile?utm_source=social&id=2160,0
http://164.66.198.137/hdfcbank-support/login.php,1
https://google.ru/support-suspended-ou9w2m?ref=bywiqc52&id=5828,1
https://wellsfargo0.ml/verify,1
https://blog.target.com/,0
https://mail.quora.com/article/2026/tech,0
http://support.confirm.linkedin.com.o1krf.ooo,1
https://chase.ooo/billing-billing-2ournz?ref=j2o1xj4f&id=9125,1
https://mail.discord.com/search?q=news,0
http://news.nasa.gov/login,0
https://support.flickr.com/help,0
https://mail.linkedin.com/store/category/electronics,0
https://coursera.org/products,0
http://support.namecheap.com/help,0
https://app.sony.com/login,0
http://paypal.com@google-signin.top/1rjf,1
https://news.facebook.com/en/index.html,0
http://paytm-account-support-ci9h.ru/index.html,1
https://nytimes.com@icicibank-billing.top/zjzc,1
https://mail.zomato.com/search?q=news,0
https://netflix.com/home,0
https://paytm.com@amazon-secure.ga/kk5f,1
https://shop.samsung.com/en/index.html,0
http://samsung.com@google-confirm.xyz/8haw,1
https://app.godaddy.com/contact?utm_source=ads&id=9919,0
https://www.quora.com/about?utm_source=social&id=5056,0
https://227.215.107.37/amazon-verify/login.php,1
https://tumblr.com@amazon-secure.tk/wbvy,1
https://support.sony.com/?utm_source=ads&id=9991,0
https://paypal.ml/secure-billing-vza654?ref=1ze8oay4&id=2985,1
http://sbi.ru/support-verify-wjrnzt?ref=ak5age07&id=7829,1
https://support.indeed.com/contact,0
https://blog.hdfcbank.com/account,0
http://flipkart-billing-support-z6yi.info/index.html,1
https://mail.uber.com/article/2026/tech,0
http://214.208.116.248/linkedin-billing/login.php,1
http://237.107.241.102/outlook-support/login.php,1
https://www.instagram.com/products,0
http://instagram-login-confirm-753m.ru/index.html,1
https://blog.instagram.com/contact,0
https://spotify.com/account,0
https://app.paypal.com/?utm_source=social&id=4881,0
http://account.login.chase.com.cuwjx.xyz,1
https://app.trello.com/store/category/electronics,0
https://app.ebay.com/about,0
https://shop.blogger.com/article/2026/tech,0
https://netflix.com/account?utm_source=ads&id=4376,0
https://support.vimeo.com/,0
https://213.214.101.14/paytm-reset/login.php,1
https://ibm.com@flipkart-update.info/09q9,1
https://spotify.com/home,0
https://blog.samsung.com/user/profile,0
http://icicibank-secure-support-wlpo.info/index.html,1
https://shop.w3schools.com/user/profile,0
https://verify.reset.google.com.sz0i2.top,1
https://apple.top/support-account-gtcyfd?ref=vw10hoay&id=1886,1
https://mail.paytm.com/login,0
https://support.apple.com/store/category/electronics,0
https://shop.stackoverflow.com/,0
https://indeed.com/?utm_source=ads&id=111,0
http://flipkart.cf/confirm-reset-ztfiia?ref=mhbmbn4j&id=4961,1
https://google.info/confirm-update-fyzf7m?ref=1k1qt68y&id=6045,1
https://app.glassdoor.com/article/2026/tech,0
https://mail.sbi.co.in/about,0
https://icicibank-signin-update-ym4g.ml/index.html,1
https://mail.accuweather.com/help,0
http://confirm.login.bankofamerica.com.xtbcd.cf,1
https://blog.stanford.edu/help,0
http://googie.top/support,1
https://google-alert-login-rnjl.xyz/index.html,1
https://paypal-confirm-login-3iwk.tk/index.html,1
http://paypal-confirm-login-9e6s.ml/index.html,1
http://apple-secure-reset-hhfi.xyz/index.html,1
https://bankofamerica0.cf/support,1
http://microsoft-support.top/signin,1
http://icicibank0.top/update,1
https://mail.quora.com/search?q=news,0
https://mail.nasa.gov/login,0
https://wellsfargo.cf/signin-account-s3h4de?ref=4m6hy7t0&id=1885,1
https://flipkart.ga/suspended-reset-oean5f?ref=3dx90xdr&id=9667,1
https://197.23.40.79/linkedin-login/login.php,1
https://132.11.229.147/google-reset/login.php,1
https://news.airbnb.com/store/category/electronics,0
https://shop.imdb.com/user/profile,0
http://account.confirm.chase.com.qz3pm.ga,1
http://192.243.193.237/facebook-alert/login.php,1
http://outlook0.top/verify,1
https://login.alert.google.com.zm97p.ooo,1
https://reset.secure.paytm.com.3wtzl.ru,1
https://support.amityuniversity.in,0
https://app.spotify.com/login,0
https://blog.kubernetes.io/home,0
http://linkedin.ooo/signin-update-sdyy0u?ref=9daqm2ox&id=9955,1
http://sony.com@chase-signin.cf/3t7z,1
http://apple-confirm-billing-h5w2.ml/index.html,1
https://support.instagram.com/about,0
http://amazon-billing-alert-kbt9.ga/index.html,1
https://amazon.in@chase-reset.ooo/3llz,1
https://bing.com/login,0
https://www.docker.com/products,0
https://icicibank0.ga/reset,1
https://www.un.org/search?q=news,0
https://mail.wsj.com/article/2026/tech,0
http://flipkart.ml/billing-verify-fhjzzg?ref=kexmvmzh&id=4815,1
https://shop.airbnb.com/products,0
http://google.com@sbi-reset.info/0cc4,1
https://shop.zoom.us/home,0
http://blog.facebook.com/about,0
https://blog.wikipedia.org/user/profile,0
http://paypal-support-support-n244.ga/index.html,1
http://confirm.support.flipkart.com.yf3yr.info,1
https://122.251.66.196/apple-login/login.php,1
https://www.samsung.com/store/category/electronics?utm_source=newsletter&id=3917,0
http://bankofamerica.ooo/secure-confirm-gp9it0?ref=2f6njx8k&id=5016,1
http://dropbox.com@facebook-secure.ml/fxkh,1
http://mail.airbnb.com/contact,0
https://docker.com/search?q=news,0
http://linkedin.ooo/account-support-mnswil?ref=68uhw940&id=9747,1
http://sbi0.ml/alert,1
http://16.234.90.93/hdfcbank-suspended/login.php,1
https://hdfcbank0.xyz/secure,1
https://mail.blogger.com/help,0
https://apple-verify.ml/verify,1
https://news.w3schools.com/home?utm_source=social&id=1900,0
https://blog.apple.com/login?utm_source=ads&id=4362,0
http://bankofamerica-billing-reset-jvep.ru/index.html,1
http://icicibank.info/billing-support-u4evb2?ref=y6o6aobh&id=6060,1
http://191.85.231.9/netflix-confirm/login.php,1
http://203.253.11.25/paypal-secure/login.php,1
https://app.digitalocean.com/about,0
http://instagram-confirm-verify-nwet.ooo/index.html,1
https://app.target.com/search?q=news,0
http://sbi0.ga/login,1
https://discord.com/user/profile?utm_source=social&id=7137,0
https://shop.who.int/article/2026/tech,0
https://app.flickr.com/help?utm_source=social&id=1626,0
https://mail.un.org/en/index.html?utm_source=ads&id=2691,0
https://blog.microsoft.com/contact,0
http://wellsfargo.info/secure-confirm-zmeje1?ref=p3zg7iag&id=7191,1
http://account.reset.flipkart.com.vupxz.ml,1
http://43.148.15.22/apple-verify/login.php,1
http://paytm.ml/signin-account-zcaqhi?ref=u353ef9p&id=8171,1
http://sbi.ga/verify-login-w09u3b?ref=dl2iazmt&id=6140,1
http://sbi-signin-update-j4al.info/index.html,1
http://googie.ru/secure,1
http://www.w3schools.com/user/profile,0
https://support.makemytrip.com/?utm_source=social&id=2124,0
https://blog.digitalocean.com/login,0
http://paypal.cf/confirm-login-2j2com?ref=xjfhdpjs&id=1225,1
https://g00gle.top/alert,1
https://mail.axisbank.com/search?q=news,0
https://shop.edx.org/,0
http://paytm.ga/account-login-p5l7cv?ref=fjj50yp2&id=3740,1
https://support.oracle.com/login?utm_source=social&id=8119,0
https://shop.cloudflare.com/login,0
https://app.target.com/contact?utm_source=social&id=8427,0
https://news.imdb.com/user/profile,0
http://116.159.95.205/flipkart-support/login.php,1
http://billing.reset.paytm.com.kfsfy.ru,1
https://blog.flickr.com/products,0
http://sbi.ga/secure-login-4w2o6o?ref=v3isy0x4&id=3654,1
https://blog.cloudflare.com/help,0
https://blog.kubernetes.io/search?q=news,0
https://instagram0.info/signin,1
http://hdfcbank.ga/signin-alert-e0chyk?ref=m1qw65xd&id=7313,1
https://icicibank.ooo/alert-reset-1szjiv?ref=f4d9zqfz&id=9221,1
https://namecheap.com@icicibank-signin.ml/a3y3,1
http://facebook.ru/support-login-u6y0pr?ref=zvs2ii06&id=5897,1
https://app.espn.com/search?q=news?utm_source=ads&id=5859,0
https://twitch.tv/user/profile,0
http://zoom.us@netflix-account.ru/88ae,1
https://news.slack.com/products?utm_source=ads&id=2915,0
https://www.forbes.com/en/index.html,0
http://67.168.183.244/instagram-confirm/login.php,1
https://shop.stanford.edu/login,0
https://sbi.xyz/account-billing-70oi10?ref=037xb2ja&id=9476,1
http://billing.account.outlook.com.x1m5e.info,1
https://www.google.com,0
https://docker.com@bankofamerica-secure.cf/1zpk,1
https://news.nytimes.com/products,0
https://linkedin.info/verify-alert-3g3t34?ref=oojqxzlv&id=6320,1
https://shop.blogger.com/?utm_source=social&id=3276,0
https://www.bing.com/search?q=news,0
http://bankofamerica.ooo/signin-signin-8588oy?ref=f07ofpxa&id=4330,1
https://app.irctc.co.in/article/2026/tech,0
http://google.ru/signin-billing-nt3pxx?ref=k71ehjim&id=4140,1
https://www.indeed.com/store/category/electronics,0
https://support.glassdoor.com/products,0
http://71.134.118.235/icicibank-suspended/login.php,1
https://linkedin.ml/login-reset-nmaxxb?ref=tt6h5300&id=6762,1
http://207.203.198.122/facebook-verify/login.php,1
http://193.130.99.244/netflix-update/login.php,1
https://indeed.com/products,0
https://paypal-reset-alert-4302.xyz/index.html,1
https://blog.hdfcbank.com/search?q=news,0
https://mail.imdb.com/user/profile,0
https://news.spotify.com/article/2026/tech,0
http://g00gle.ooo/verify,1
http://target.com@paypal-login.ru/ac4j,1
http://sbi-login-secure-m098.ru/index.html,1
https://apple.info/support-billing-vcfedl?ref=q9eoq0y2&id=7626,1
https://support.w3schools.com/search?q=news,0
https://reset.login.wellsfargo.com.qo4xs.ga,1
https://support.weather.com/store/category/electronics,0
http://mail.indeed.com/article/2026/tech,0
https://news.slack.com/contact,0
http://account.billing.microsoft.com.vmgga.tk,1
https://axisbank.com/account?utm_source=newsletter&id=9575,0
https://shop.flipkart.com/about,0
https://un.org@icicibank-reset.top/utt1,1
http://118.100.183.222/outlook-billing/login.php,1
http://hdfcbank.tk/verify-reset-6zisdx?ref=9da9whsb&id=4854,1
http://shop.linkedin.com/account,0
https://news.npmjs.com/,0
https://www.zoom.us/products,0
http://adobe.com@google-login.ru/51if,1
http://olacabs.com@chase-billing.ga/0pa0,1
https://shop.google.com/user/profile,0
https://instagram0.ga/update,1
https://www.adidas.com?utm_source=newsletter&id=4662,0
https://shop.blogger.com/en/index.html?utm_source=newsletter&id=2229,0
http://khanacademy.org@wellsfargo-alert.tk/4ta1,1
https://mit.edu/contact,0
https://shop.forbes.com/,0
https://www.docker.com/login?utm_source=ads&id=4161,0
http://apple.top/suspended-secure-wywyla?ref=h3xm2aob&id=5606,1
http://lyft.com/home,0
https://digitalocean.com@wellsfargo-confirm.ru/95jd,1
https://support.notion.so/products,0
https://blog.who.int/help,0
https://shop.github.com/home,0
https://shop.adobe.com,0
https://www.indiatoday.in/contact?utm_source=ads&id=3794,0
http://login.account.sbi.com.kk9of.xyz,1
http://suspended.secure.instagram.com.r8nfv.ga,1
https://flipkart.info/support-signin-i53i67?ref=hn34ck9x&id=2945,1
http://wellsfargo-support-login-ty5h.top/index.html,1
https://news.apple.com/contact?utm_source=social&id=5881,0
https://www.wikipedia.org/about,0
https://www.icicibank.com/search?q=news,0
http://blog.espn.com/about?utm_source=ads&id=4664,0
https://support.mit.edu?utm_source=newsletter&id=5680,0
https://blog.docker.com/help,0
https://nationalgeographic.com/search?q=news,0
https://support.accuweather.com?utm_source=newsletter&id=7550,0
http://adidas.com@chase-alert.ru/it2u,1
https://mail.harvard.edu/account,0
https://cnn.com/user/profile?utm_source=ads&id=1391,0
https://www.wsj.com/about,0
http://blog.olacabs.com/products?utm_source=ads&id=2855,0
https://shop.khanacademy.org/about,0
https://wikipedia.org/login,0
https://mail.medium.com/en/index.html,0
https://support.netflix.com/user/profile,0
http://bestbuy.com@microsoft-secure.ru/2b5j,1
https://support.akamai.com/about?utm_source=social&id=1502,0
https://support.timesofindia.indiatimes.com/store/category/electronics,0
https://www.cnn.com/,0
http://apple.xyz/login-confirm-rmb8q9?ref=3a1du10r&id=2994,1
https://support.heroku.com/help,0
https://sbi.info/confirm-confirm-erzft2?ref=07nqldf1&id=6603,1
https://blog.makemytrip.com/search?q=news?utm_source=newsletter&id=4206,0
https://www.adobe.com/store/category/electronics,0
https://shop.w3schools.com?utm_source=newsletter&id=1222,0
https://shop.digitalocean.com/search?q=news,0
https://support.salesforce.com/about,0
https://update.login.wellsfargo.com.cp2vi.ml,1
https://nytimes.com/login,0
http://khanacademy.org/search?q=news,0
https://myntra.com/about?utm_source=newsletter&id=4008,0
http://outlook.tk/account-verify-h2ta3v?ref=p8owtsiy&id=9514,1
https://bbc.com/en/index.html?utm_source=ads&id=5913,0
http://wellsfargo0.ru/support,1
https://shop.uber.com/products,0
http://microsoft-secure-suspended-stg4.cf/index.html,1
https://shop.amityuniversity.in/home,0
http://sbi0.xyz/login,1
https://news.olacabs.com/article/2026/tech,0
https://chase-login-alert-55oi.ru/index.html,1
http://outlook.cf/alert-alert-codr08?ref=2uazmvfb&id=4696,1
http://app.wsj.com/en/index.html,0
https://38.46.197.183/facebook-account/login.php,1
https://support.w3schools.com/account,0
https://news.nationalgeographic.com/contact,0
http://linkedin-confirm-suspended-kbb8.cf/index.html,1
https://news.reddit.com/about,0
https://www.coursera.org/article/2026/tech?utm_source=social&id=2687,0
http://instagram0.ru/support,1
http://123.125.173.195/chase-verify/login.php,1
https://shop.airbnb.com/help,0
https://www.digitalocean.com/help,0
https://support.salesforce.com/contact,0
http://google.ga/update-login-0plcl5?ref=ftw0a9pm&id=2925,1
https://linkedin.top/alert-alert-jhwfns?ref=lk6rna7l&id=7822,1
http://28.234.114.184/google-suspended/login.php,1
https://apple.ru/alert-billing-y6x573?ref=lux7454r&id=7569,1
https://blog.weather.com/article/2026/tech,0
https://news.cnn.com/search?q=news?utm_source=newsletter&id=8448,0
https://app.indiatoday.in/search?q=news,0
https://app.intel.com/login,0
http://facebook.ga/verify-suspended-cfh6tx?ref=8k1aptc7&id=5807,1
http://verify.verify.microsoft.com.bz7fg.top,1
http://instagram.ru/update-reset-yy91oo?ref=qhsfhfvm&id=2902,1
https://mail.instagram.com/account,0
http://walmart.com@hdfcbank-reset.info/r4vx,1
https://app.harvard.edu/en/index.html,0
http://netflix0.cf/suspended,1
https://paypal.com/user/profile,0
http://flipkart0.info/confirm,1
https://suspended.reset.flipkart.com.d7b1u.top,1
https://102.214.109.175/amazon-reset/login.php,1
https://shop.uber.com/contact?utm_source=ads&id=4943,0
https://shop.reddit.com/user/profile?utm_source=social&id=8791,0
https://vimeo.com/store/category/electronics?utm_source=ads&id=5828,0
http://nationalgeographic.com@google-suspended.ga/eeb6,1
http://flipkart-verify-account-mjma.info/index.html,1
https://www.uber.com/about,0
http://wellsfargo-reset-support-bnvw.cf/index.html,1
https://indeed.com/user/profile,0
https://bestbuy.com@chase-login.ga/ahlj,1
https://app.timesofindia.indiatimes.com/store/category/electronics,0
https://blog.discord.com/contact,0
https://paypal.xyz/billing-support-wtigy6?ref=tkects37&id=9587,1
http://255.88.201.91/bankofamerica-verify/login.php,1
https://mail.microsoft.com/en/index.html?utm_source=ads&id=2626,0
https://app1e.top/suspended,1
http://flipkart0.ooo/support,1
https://github.com/article/2026/tech,0
https://paytm-update-account-4iuz.top/index.html,1
http://5.75.223.227/icicibank-billing/login.php,1
https://news.cloudflare.com/en/index.html,0
http://75.73.125.22/instagram-signin/login.php,1
http://hdfcbank0.ga/login,1
http://reset.update.facebook.com.ahb3h.ga,1
http://coursera.org/article/2026/tech?utm_source=ads&id=7209,0
http://paytm.info/login-update-dit16w?ref=t8jj4tvs&id=7042,1
https://blog.phonepe.com/help?utm_source=social&id=9830,0
https://support.cloudflare.com/store/category/electronics?utm_source=newsletter&id=1430,0
http://digitalocean.com@icicibank-confirm.info/ogrp,1
https://app.phonepe.com/home?utm_source=newsletter&id=9589,0
http://billing.account.icicibank.com.18nl4.ml,1
https://mail.axisbank.com/home,0
http://paypal-alert-alert-v0ws.ooo/index.html,1
http://paypal-secure.tk/reset,1
https://swiggy.com/store/category/electronics,0
http://wellsfargo.ooo/update-login-dzuib5?ref=sq0zycmv&id=4643,1
https://support.apple.com/article/2026/tech?utm_source=social&id=4857,0
https://app.edx.org/,0
https://mail.hindustantimes.com/search?q=news,0
https://shop.python.org/article/2026/tech?utm_source=social&id=6539,0
https://blog.swiggy.com/user/profile,0
https://news.worldbank.org/article/2026/tech,0
https://python.org@icicibank-alert.ga/ylxy,1
https://84.221.233.106/paytm-secure/login.php,1
https://news.cloudflare.com/about,0
https://support.accuweather.com/search?q=news,0
https://walmart.com/about,0
https://mail.godaddy.com/article/2026/tech,0
http://netflix0.ru/reset,1
https://secure.reset.facebook.com.dtygu.cf,1
https://app.oracle.com/about,0
http://blog.google.com/help,0
https://mail.walmart.com/account,0
https://support.amazon.com/about,0
https://mail.nytimes.com/about,0
https://blog.digitalocean.com/user/profile,0
https://worldbank.org@netflix-alert.cf/ia4a,1
https://195.80.164.229/outlook-billing/login.php,1
https://mail.forbes.com/store/category/electronics,0
http://update.verify.google.com.77q5f.ooo,1
http://bankofamerica.ga/alert-confirm-glcsxu?ref=1hgcaikv&id=6857,1
http://google-update-verify-rmj1.info/index.html,1
https://signin.verify.bankofamerica.com.t5g7w.ru,1
http://news.ndtv.com/help,0
http://hdfcbank.cf/secure-support-o5zfw1?ref=4gysmj76&id=1520,1
https://app.phonepe.com/home,0
https://news.espn.com/user/profile,0
https://coursera.org@instagram-suspended.tk/dgyd,1
https://login.login.sbi.com.pqfnk.tk,1
https://blog.apple.com/contact,0
http://outlook-confirm-support-l52a.tk/index.html,1
https://news.heroku.com/products,0
http://wellsfargo0.ooo/alert,1
https://shop.salesforce.com/en/index.html?utm_source=social&id=8195,0
http://verify.verify.paytm.com.c6gkh.ru,1
https://blog.wordpress.com/products,0
https://shop.reddit.com,0
http://chase-suspended-alert-by7c.info/index.html,1
http://app.stanford.edu,0
https://oracle.com@apple-support.ooo/7e6k,1
http://microsoft.cf/verify-billing-0o9dy7?ref=084p4tfz&id=1568,1
https://support.bbc.com/store/category/electronics,0
http://login.reset.bankofamerica.com.lgzcp.ml,1
https://shop.target.com?utm_source=social&id=5775,0
https://news.bing.com/en/index.html,0
http://arnazon.info/login,1
http://shop.nike.com/home,0
https://support.espn.com/help,0
https://mail.tumblr.com/,0
https://blog.apple.com/article/2026/tech,0
http://mail.indiatoday.in/about,0
http://bankofamerica0.info/signin,1
http://chase0.cf/support,1
http://support.makemytrip.com,0
http://update.alert.bankofamerica.com.xbjq3.tk,1
https://www.hdfcbank.com/,0
https://www.linkedin.com/products,0
https://update.reset.google.com.xi3mw.top,1
https://app.paypal.com/search?q=news,0
https://news.bloomberg.com/,0
http://paytm0.xyz/reset,1
http://microsoft.cf/billing-reset-1gkl9z?ref=6vk82wu9&id=6319,1
https://mail.imdb.com/contact,0
https://blog.netflix.com/en/index.html,0
http://confirm.reset.wellsfargo.com.1ku5j.ga,1
http://flipkart.info/account-account-pgsemu?ref=52vtjxu1&id=3762,1
http://paytm-verify-alert-5bgz.top/index.html,1
http://confirm.login.google.com.mf0xl.cf,1
http://outlook0.cf/support,1
https://support.sbi.co.in/about,0
https://kubernetes.io/search?q=news?utm_source=newsletter&id=3557,0
http://hdfcbank0.ru/reset,1
https://signin.reset.wellsfargo.com.wi575.cf,1
https://blog.weather.com,0
https://account.alert.sbi.com.bl2oq.cf,1
https://shop.who.int/login,0
https://news.hdfcbank.com/search?q=news?utm_source=ads&id=1722,0
https://192.193.160.238/apple-billing/login.php,1
https://www.nationalgeographic.com/search?q=news,0
https://outlook-reset-billing-2lkn.info/index.html,1
https://www.un.org/en/index.html,0
https://245.145.16.204/facebook-reset/login.php,1
http://paypal.ml/reset-reset-nc9q88?ref=4jxzosi3&id=9210,1
https://blog.britannica.com/help,0
https://verify.confirm.amazon.com.7ov77.cf,1
https://app.phonepe.com/about,0
http://sbi-confirm-secure-2567.ru/index.html,1
https://shop.harvard.edu/login,0
http://www.bing.com,0
https://mail.adobe.com,0
https://app.yahoo.com/article/2026/tech,0
http://icicibank-support-account-pcm8.cf/index.html,1
http://226.89.225.106/microsoft-reset/login.php,1
https://mail.coursera.org?utm_source=ads&id=883,0
https://doordash.com,0
https://news.sbi.co.in/account?utm_source=social&id=8908,0
http://118.178.104.223/icicibank-verify/login.php,1
https://www.adobe.com,0
http://reset.signin.facebook.com.i45h0.cf,1
http://microsoft.cf/login-billing-ihm20a?ref=p4vs6kfr&id=7101,1
https://amityuniversity.in@icicibank-verify.top/qyah,1
https://support.facebook.com/login,0
https://blog.walmart.com/search?q=news,0
http://161.137.216.43/google-confirm/login.php,1
https://sbi0.ru/update,1
http://googie.ml/update,1
https://www.accuweather.com,0
https://microsoft.ru/billing-suspended-8d7m46?ref=bh8lbrnp&id=8278,1
https://mail.salesforce.com,0
http://7.249.46.98/microsoft-support/login.php,1
http://blog.twitch.tv/products,0
https://blog.dropbox.com/,0
http://khanacademy.org@sbi-billing.cf/wmkz,1
https://shop.hindustantimes.com/about,0
https://paytm.ru/account-secure-h56ob4?ref=rgly41ti&id=2629,1
https://flipkart-account-alert-71jq.info/index.html,1
https://confirm.login.microsoft.com.a96gn.info,1
https://blog.microsoft.com/user/profile,0
https://sbi.xyz/verify-update-tegb41?ref=bvqpg4pv&id=1891,1
http://instagram.top/secure-login-5uh0q7?ref=a2i2gcnm&id=7884,1
https://app.imdb.com/login,0
http://lyft.com@hdfcbank-alert.xyz/tx0q,1
https://support.accuweather.com/,0
https://alert.support.wellsfargo.com.mgilb.ga,1
https://adobe.com@sbi-secure.ru/ddmr,1
http://hdfcbank-alert-secure-lbxp.ooo/index.html,1
https://paytm0.ru/suspended,1
https://blog.adidas.com/en/index.html?utm_source=social&id=4839,0
https://blog.stackoverflow.com/about,0
https://support.uber.com/article/2026/tech,0
http://linkedin.cf/confirm-support-ar7jz2?ref=n82wzmtf&id=1605,1
http://flipkart0.top/support,1
https://support.ebay.com/en/index.html,0
https://microsft.ru/account,1
https://wsj.com/about,0
https://www.weather.com?utm_source=newsletter&id=1779,0
https://shop.walmart.com/en/index.html,0
http://blog.phonepe.com/user/profile,0
https://mail.un.org/contact,0
http://sbi.co.in@flipkart-billing.ga/eajj,1
http://google.info/signin-signin-gw4ldh?ref=6v1jzpch&id=4946,1
https://nationalgeographic.com@flipkart-confirm.xyz/znt6,1
https://130.210.214.144/outlook-reset/login.php,1
http://100.122.69.145/hdfcbank-suspended/login.php,1
https://app.notion.so?utm_source=ads&id=1624,0
https://netflix.ooo/alert-signin-xeg6u0?ref=2kqn6c3b&id=2199,1
https://paytm-support-reset-ys95.info/index.html,1
https://shop.accuweather.com/contact,0
https://blog.paypal.com/user/profile?utm_source=social&id=7398,0
http://93.181.74.143/paytm-verify/login.php,1
https://blog.vimeo.com/help,0
https://www.npmjs.com/user/profile,0
https://blog.pinterest.com/home,0
https://app.apple.com/login,0
https://netflix.com/account?utm_source=newsletter&id=1230,0
https://support.airbnb.com/en/index.html,0
https://171.229.74.107/google-confirm/login.php,1
http://flipkart-verify-signin-n9db.top/index.html,1
https://app.bestbuy.com/,0
https://apple.com/about?utm_source=ads&id=111,0
http://netflix.ru/confirm-alert-xzyk42?ref=161j4by1&id=2363,1
https://mail.google.com/account,0
https://support.oracle.com/store/category/electronics?utm_source=ads&id=257,0
http://111.242.168.43/linkedin-verify/login.php,1
http://wordpress.com@outlook-secure.ooo/6ojd,1
http://amityuniversity.in@instagram-account.ru/9es4,1
http://instagram-reset-confirm-g3c5.ml/index.html,1
https://www.dropbox.com/home,0
http://outlook-confirm-login-eoyy.cf/index.html,1
https://support.medium.com?utm_source=social&id=6666,0
https://www.tumblr.com/article/2026/tech,0
https://ndtv.com/about,0
https://netflix.ml/reset-signin-w9nams?ref=qett69ua&id=2865,1
https://stackoverflow.com/,0
https://support.microsoft.com/search?q=news?utm_source=social&id=9690,0
https://226.25.205.214/instagram-update/login.php,1
https://glassdoor.com@linkedin-login.info/t3sy,1
http://micros0ft.top/login,1
http://netflix.xyz/update-support-nompwj?ref=ghf5a8c4&id=7081,1
http://target.com@google-verify.ml/s2ii,1
https://news.swiggy.com/login,0
https://www.paypal.com/user/profile,0
http://icicibank.ru/billing-support-hogswe?ref=vhxfcjl1&id=9691,1
https://147.165.215.100/netflix-verify/login.php,1
https://timesofindia.indiatimes.com/help,0
https://www.airbnb.com/help,0
http://mail.twitch.tv/home,0
https://app.doordash.com/article/2026/tech?utm_source=social&id=9730,0
https://digitalocean.com/en/index.html,0
http://verify.update.amazon.com.ajj28.info,1
https://www.timesofindia.indiatimes.com/login,0
https://facebook-alert-account-rlm5.cf/index.html,1
http://79.180.163.251/netflix-verify/login.php,1
https://www.imdb.com/about?utm_source=social&id=2416,0
https://shop.wikipedia.org/user/profile,0
http://billing.reset.bankofamerica.com.uyhyq.xyz,1
http://shop.timesofindia.indiatimes.com/contact,0
https://un.org@apple-billing.ml/59js,1
https://phonepe.com/account?utm_source=ads&id=6216,0
http://chase-update-confirm-hdxq.ml/index.html,1
https://w3schools.com/store/category/electronics,0
https://amazon.ga/update-login-qr9lc5?ref=bdfute0x&id=2479,1
https://twitter.com/en/index.html,0
https://login.verify.instagram.com.om978.xyz,1
https://amazon-billing-confirm-fi6e.tk/index.html,1
https://news.axisbank.com/store/category/electronics,0
https://mail.edx.org/login,0
https://shop.hindustantimes.com,0
https://linkedin.com/about?utm_source=newsletter&id=4286,0
https://medium.com/store/category/electronics,0
http://news.docker.com/,0
https://kubernetes.io/home,0
https://www.facebook.com/products,0
http://instagram.cf/confirm-account-qwb0hw?ref=m8lswu65&id=8322,1
http://bankofamerica-verify-signin-3ujs.tk/index.html,1
https://shop.ebay.com/,0
https://shop.olacabs.com/about?utm_source=social&id=9476,0
https://slack.com@netflix-secure.top/p7v5,1
https://mail.glassdoor.com/en/index.html,0
http://notion.so@instagram-billing.ooo/sbov,1
